Technical Know How,Personal Traits,Social Characterstics,Motivating Factors
Well-organized,Incited,Anti-establishment,Monetary Gain
Bully,Identity crisis,Inferiority complex,Lust
Well-organized,PassionateInsensitive,Mass-destructionMisguided,Religious fundamentalism
ResourcefulGoal oriented,Control freakPsychologically Deviant,Unlawful,Enhancing selfworth
Oppurtinists,Gullible,Unlawful,Revenge
Creative,Impatient,Inferiority complex,Intolerance
Well-networked,Risk-taker,Social dissatisfaction,Thrill-seeking
Skillful,Impatient,Inferiority complex,Intolerance
Oppurtinists,Gullible,Anti-state,Concealed existence
Well-organized,Secretive,Anti-social,No fear of punishment
ResourcefulGoal oriented,Identity crisis,Reinforcement available,Religious fundamentalism
Well-networked,Insensitive,Reinforcement available,Political support
Oppurtinists,Selfish,Anti-social,Emotions
ResourcefulGoal oriented,Determined,Anti-social,No fear of punishment
Well-trained,PassionateInsensitive,Intolerance to diversity of opinion,Anger
Bully,Conviction in Violence,Rationalization,Manipulate others
Bully,Vengeful,Anti-establishment,Concealed existence
Strategic planners,Emotional,Anti-social,Political support
Well-organized,Aggressive,Lack Social skills,Experimentation
Well-networked,PassionateInsensitive,Social dissatisfaction,Revenge
Oppurtinists,Loner,Anti-social,Political beliefs
Sharp,Impatient,Mass-destructionMisguided,Experimentation
Strategic planners,Control freakPsychologically Deviant,Marginalised,Political beliefs
Oppurtinists,Determined,Rebellious,Emotions
Strategic planners,Gullible,Low self-worth,Religious fundamentalism
Oppurtinists,Selfish,Reinforcement available,No fear of punishment
Skillful,Inhuman Psyche,Low self-worth,Emotions
Well-networked,Risk-taker,Rationalization,Manipulate others
Bully,Risk-taker,Marginalised,Need to Control others
Skillful,Identity crisis,Low self-worth,Experimentation
Oppurtinists,Inhuman Psyche,Anti-social,No fear of punishment
Sharp,Strong-willed,Rebellious,Thrill-seeking
Strategic planners,Coercive,Mass-destructionMisguided,Political beliefs
Oppurtinists,Vengeful,Unlawful,Emotions
Smart,Incited,Low self-worth,Concealed existence
ResourcefulGoal oriented,Unethical,Anti-social,No fear of punishment
Well-organized,PassionateInsensitive,Marginalised,Curiosity
Well-trained,Selfish,Intolerance to diversity of opinion,Revenge
Well-trained,Unethical,Mass-destructionMisguided,No fear of punishment
Well-trained,Vengeful,Need to outsmart others,Plain boredom
Oppurtinists,Aggressive,Marginalised,Risk tolerance
Skillful,PassionateInsensitive,Marginalised,No fear of punishment
Well trained,Determined,Marginalised,Experimentation
Smart,Impatient,Anti-social,Curiosity
Oppurtinists,PassionateInsensitive,Social dissatisfaction,Thrill-seeking
Well-networked,Vengeful,Rationalization,No fear of punishment
Strategic planners,Coward,Low self-worth,No fear of punishment
Skillful,Inhuman Psyche,Intolerance to diversity of opinion,Disregard for law
Creative,Strong-willed,Lack Social skills,Political support
Well-networked,Strong-willed,Social dissatisfaction,Monetary Gain
Bully,Inhuman Psyche,Brain-washed,Curiosity
Bully,Secretive,Inferiority complex,Disregard for law
Well-trained,Strong-willed,Low self-worth,Revenge
Well-networked,PassionateInsensitive,Rebellious,Experimentation
Strategic planners,Risk-taker,Marginalised,Thrill-seeking
Skillful,PassionateInsensitive,Brain-washed,Political support
Well trained,Impatient,Anti-social,Concealed existence
Well-trained,Impatient,Inferiority complex,Concealed existence
Skillful,Insensitive,Rationalization,Intolerance
Skillful,Impatient,Marginalised,Monetary Gain
ResourcefulGoal oriented,Loner,Mass-destructionMisguided,Need to Control others
Well-organized,Psychiatric conditions,Rebellious,Need to Control others
Sharp,Secretive,Unlawful,Experimentation
Bully,Aggressive,Anti-state,Experimentation
Smart,Aggressive,Marginalised,No fear of punishment
Well-organized,Inhuman Psyche,Rebellious,Revenge
Well-trained,Aggressive,Brain-washed,Greed 
ResourcefulGoal oriented,Aggressive,Mass-destructionMisguided,Plain boredom
Bully,Emotional,Intolerance to diversity of opinion,Plain boredom
Well-networked,Strong-willed,Unlawful,Emotions
Sharp,Control freakPsychologically Deviant,Brain-washed,Manipulate others
Well-networked,Risk-taker,Social dissatisfaction,Greed 
Well-trained,Selfish,Intolerance to diversity of opinion,Disregard for law
Bully,Coward,Anti-establishment,Greed 
ResourcefulGoal oriented,Identity crisis,Inferiority complex,Intolerance
Bully,Secretive,Low self-worth,No fear of punishment
Strategic planners,Impatient,Anti-state,Emotions
Bully,Vengeful,Brain-washed,Political support
Smart,PassionateInsensitive,Mass-destructionMisguided,Revenge
Creative,Insensitive,Mass-destructionMisguided,No fear of punishment
Well-networked,Chaotic state of mind,Unlawful,Political beliefs
Creative,Coercive,Rationalization,No fear of punishment
Well-organized,Vengeful,Low self-worth,Emotions
Smart,Psychiatric conditions,Need to outsmart others,Monetary Gain
Oppurtinists,Gullible,Social dissatisfaction,Thrill-seeking
Skillful,Inhuman Psyche,Intolerance to diversity of opinion,Thrill-seeking
Well-networked,Identity crisis,Social dissatisfaction,Political support
Strategic planners,Control freakPsychologically Deviant,Social dissatisfaction,Experimentation
Skillful,Insensitive,Mass-destructionMisguided,Thrill-seeking
Well-trained,Incited,Rebellious,Greed 
Sharp,Determined,Lack Social skills,Concealed existence
Bully,Selfish,Anti-state,Emotions
Bully,Strong-willed,Rationalization,Thrill-seeking
Well trained,Loner,Reinforcement available,Thrill-seeking
Well-organized,Determined,Need to outsmart others,Lust
Bully,Impatient,Rebellious,No fear of punishment
Smart,Coward,Low self-worth,Emotions
Skillful,Risk-taker,Social dissatisfaction,Religious fundamentalism
Well-organized,Chaotic state of mind,Unlawful,Political beliefs
Bully,PassionateInsensitive,Reinforcement available,Revenge
Strategic planners,Loner,Rebellious,Political beliefs
Oppurtinists,PassionateInsensitive,Anti-state,Greed 
Creative,Vengeful,Reinforcement available,Disregard for law
Bully,Coercive,Inferiority complex,Lust
Bully,Insensitive,Low self-worth,Experimentation
Well-organized,Vengeful,Brain-washed,Enhancing selfworth
Creative,Secretive,Mass-destructionMisguided,Concealed existence
Well-organized,Secretive,Rationalization,Disregard for law
Well-networked,Control freakPsychologically Deviant,Low self-worth,Political beliefs
Smart,PassionateInsensitive,Lack Social skills,Intolerance
Well-trained,Incited,Intolerance to diversity of opinion,Need to Control others
Sharp,Selfish,Mass-destructionMisguided,Need to Control others
Sharp,Selfish,Social dissatisfaction,Enhancing selfworth
Bully,Control freakPsychologically Deviant,Anti-social,Disregard for law
Bully,Identity crisis,Low self-worth,Manipulate others
Strategic planners,Control freakPsychologically Deviant,Lack Social skills,Greed 
Well-organized,Loner,Intolerance to diversity of opinion,No fear of punishment
Well-networked,Secretive,Mass-destructionMisguided,Greed 
Creative,Conviction in Violence,Rebellious,Plain boredom
Well trained,Coercive,Anti-social,Political beliefs
Well-networked,Aggressive,Reinforcement available,Greed 
Sharp,Coercive,Anti-social,Thrill-seeking
Well-organized,Strong-willed,Low self-worth,Intolerance
Sharp,Selfish,Brain-washed,Curiosity
Strategic planners,Identity crisis,Need to outsmart others,Plain boredom
Sharp,Vengeful,Marginalised,Revenge
Smart,Inhuman Psyche,Rationalization,Experimentation
Well-networked,Gullible,Anti-social,No fear of punishment
ResourcefulGoal oriented,Psychiatric conditions,Inferiority complex,Enhancing selfworth
Well trained,Conviction in Violence,Social dissatisfaction,Intolerance
Well-trained,PassionateInsensitive,Social dissatisfaction,Plain boredom
Creative,Loner,Rationalization,Manipulate others
Sharp,Coercive,Intolerance to diversity of opinion,Thrill-seeking
Well trained,Strong-willed,Rebellious,No fear of punishment
Smart,PassionateInsensitive,Unlawful,Risk tolerance
Creative,Strong-willed,Inferiority complex,Risk tolerance
Bully,Determined,Low self-worth,No fear of punishment
Creative,PassionateInsensitive,Low self-worth,Thrill-seeking
Skillful,Vengeful,Anti-establishment,Intolerance
Well-networked,Vengeful,Anti-state,Risk tolerance
Oppurtinists,Impatient,Rebellious,Curiosity
Well-networked,Determined,Lack Social skills,Thrill-seeking
ResourcefulGoal oriented,Chaotic state of mind,Anti-social,Monetary Gain
Oppurtinists,Inhuman Psyche,Reinforcement available,Anger
ResourcefulGoal oriented,Inhuman Psyche,Anti-establishment,Political beliefs
Smart,Risk-taker,Rebellious,Disregard for law
Well trained,Vengeful,Need to outsmart others,Monetary Gain
Well-networked,Unethical,Intolerance to diversity of opinion,Disregard for law
Creative,Secretive,Intolerance to diversity of opinion,Political support
Well-trained,Inhuman Psyche,Rebellious,Religious fundamentalism
Strategic planners,Loner,Lack Social skills,Manipulate others
Well trained,Secretive,Unlawful,Lust
Well trained,Inhuman Psyche,Intolerance to diversity of opinion,Political support
Sharp,Vengeful,Brain-washed,No fear of punishment
Smart,Aggressive,Need to outsmart others,Manipulate others
Smart,Vengeful,Low self-worth,Experimentation
Skillful,Selfish,Low self-worth,Lust
Sharp,PassionateInsensitive,Anti-social,Political beliefs
Well-organized,Gullible,Low self-worth,Concealed existence
Smart,Insensitive,Social dissatisfaction,Disregard for law
Well-networked,Unethical,Anti-social,Greed 
Well trained,Secretive,Mass-destructionMisguided,Religious fundamentalism
Well-networked,Coercive,Low self-worth,Need to Control others
Well-trained,Gullible,Rationalization,Political beliefs
Sharp,Determined,Marginalised,Political beliefs
Well-organized,Strong-willed,Marginalised,Curiosity
Well-networked,Strong-willed,Low self-worth,Monetary Gain
Well-trained,Psychiatric conditions,Anti-establishment,Plain boredom
ResourcefulGoal oriented,Identity crisis,Intolerance to diversity of opinion,Manipulate others
Bully,Secretive,Rebellious,Risk tolerance
Strategic planners,Impatient,Brain-washed,Experimentation
Well trained,Risk-taker,Mass-destructionMisguided,Curiosity
ResourcefulGoal oriented,Strong-willed,Lack Social skills,Concealed existence
ResourcefulGoal oriented,Secretive,Low self-worth,Greed 
Bully,Coward,Rationalization,Experimentation
Oppurtinists,Vengeful,Anti-state,Risk tolerance
Well-networked,Unethical,Rationalization,Intolerance
Well-organized,Coercive,Reinforcement available,Lust
ResourcefulGoal oriented,Chaotic state of mind,Inferiority complex,Curiosity
Well-trained,Identity crisis,Marginalised,Political beliefs
Well-organized,Unethical,Anti-establishment,Greed 
Well-trained,Gullible,Inferiority complex,Thrill-seeking
Skillful,Insensitive,Anti-social,Risk tolerance
Well-organized,Insensitive,Social dissatisfaction,Revenge
Strategic planners,Unethical,Mass-destructionMisguided,Anger
Skillful,Unethical,Unlawful,Risk tolerance
Creative,Impatient,Unlawful,Lust
Well-trained,Secretive,Reinforcement available,Anger
Creative,Secretive,Anti-social,Curiosity
ResourcefulGoal oriented,Chaotic state of mind,Need to outsmart others,Risk tolerance
Bully,Incited,Low self-worth,Greed 
Oppurtinists,Coward,Anti-establishment,Curiosity
Skillful,Loner,Anti-establishment,Political support
Oppurtinists,Emotional,Brain-washed,Experimentation
Skillful,Coward,Inferiority complex,Emotions
Smart,Risk-taker,Lack Social skills,Intolerance
Strategic planners,Unethical,Mass-destructionMisguided,Anger
Well-trained,Loner,Need to outsmart others,Disregard for law
Bully,Vengeful,Unlawful,Intolerance
Well-networked,Chaotic state of mind,Anti-state,Greed 
Skillful,Coercive,Rebellious,Lust
Creative,Unethical,Rationalization,Revenge
ResourcefulGoal oriented,Conviction in Violence,Unlawful,Monetary Gain
Well-organized,PassionateInsensitive,Anti-state,Monetary Gain
Skillful,Insensitive,Anti-establishment,Manipulate others
Sharp,Conviction in Violence,Need to outsmart others,Experimentation
Well-networked,Coward,Anti-establishment,Religious fundamentalism
Skillful,Control freakPsychologically Deviant,Low self-worth,Anger
Skillful,Risk-taker,Social dissatisfaction,Concealed existence
Well-networked,Risk-taker,Anti-state,Experimentation
ResourcefulGoal oriented,Emotional,Lack Social skills,Political beliefs
Strategic planners,Aggressive,Inferiority complex,Revenge
Well-networked,Insensitive,Intolerance to diversity of opinion,Greed 
Skillful,Identity crisis,Lack Social skills,Religious fundamentalism
Strategic planners,Secretive,Reinforcement available,Thrill-seeking
Sharp,Unethical,Rebellious,Manipulate others
ResourcefulGoal oriented,Identity crisis,Lack Social skills,Need to Control others
Well-networked,Loner,Marginalised,Lust
ResourcefulGoal oriented,Conviction in Violence,Anti-establishment,Anger
Strategic planners,Inhuman Psyche,Brain-washed,Political support
Well trained,Determined,Lack Social skills,No fear of punishment
Oppurtinists,Risk-taker,Rationalization,Emotions
Smart,Chaotic state of mind,Social dissatisfaction,Intolerance
Sharp,Control freakPsychologically Deviant,Anti-social,Risk tolerance
Creative,Selfish,Brain-washed,Thrill-seeking
Sharp,Aggressive,Need to outsmart others,Curiosity
Oppurtinists,PassionateInsensitive,Rebellious,Experimentation
Skillful,Secretive,Lack Social skills,Plain boredom
Bully,Aggressive,Marginalised,Anger
Strategic planners,PassionateInsensitive,Brain-washed,Need to Control others
ResourcefulGoal oriented,Emotional,Reinforcement available,Thrill-seeking
Bully,Vengeful,Mass-destructionMisguided,Anger
Sharp,Risk-taker,Low self-worth,Enhancing selfworth
Creative,Risk-taker,Intolerance to diversity of opinion,Political beliefs
Well-trained,Determined,Reinforcement available,Religious fundamentalism
Strategic planners,Aggressive,Social dissatisfaction,Political support
Well trained,PassionateInsensitive,Need to outsmart others,Intolerance
Smart,Identity crisis,Low self-worth,Concealed existence
Skillful,Control freakPsychologically Deviant,Lack Social skills,Political support
Well-networked,Inhuman Psyche,Social dissatisfaction,Manipulate others
Skillful,Strong-willed,Mass-destructionMisguided,Enhancing selfworth
Strategic planners,Control freakPsychologically Deviant,Reinforcement available,Monetary Gain
Bully,Unethical,Intolerance to diversity of opinion,Political beliefs
Strategic planners,Identity crisis,Anti-establishment,Thrill-seeking
Sharp,Chaotic state of mind,Rationalization,Religious fundamentalism
ResourcefulGoal oriented,Determined,Mass-destructionMisguided,Lust
Well-trained,Chaotic state of mind,Need to outsmart others,Religious fundamentalism
Sharp,Gullible,Intolerance to diversity of opinion,Revenge
Smart,Identity crisis,Rebellious,Greed 
Well trained,Coercive,Reinforcement available,Anger
Creative,Unethical,Intolerance to diversity of opinion,Disregard for law
Strategic planners,Strong-willed,Lack Social skills,Risk tolerance
Smart,Inhuman Psyche,Social dissatisfaction,Need to Control others
ResourcefulGoal oriented,Incited,Unlawful,Religious fundamentalism
Well-trained,Inhuman Psyche,Intolerance to diversity of opinion,Political beliefs
Well-organized,Strong-willed,Marginalised,Political support
Smart,Control freakPsychologically Deviant,Reinforcement available,Monetary Gain
Skillful,Selfish,Rebellious,Anger
Creative,Impatient,Mass-destructionMisguided,No fear of punishment
Bully,Psychiatric conditions,Intolerance to diversity of opinion,Thrill-seeking
Smart,Impatient,Marginalised,Plain boredom
Strategic planners,Loner,Anti-establishment,Political beliefs
Well-organized,Vengeful,Unlawful,Intolerance
Bully,Impatient,Brain-washed,Thrill-seeking
Strategic planners,Determined,Rebellious,Manipulate others
Oppurtinists,PassionateInsensitive,Rebellious,Manipulate others
Skillful,Conviction in Violence,Rebellious,Political support
Sharp,Incited,Anti-state,Intolerance
Creative,Conviction in Violence,Brain-washed,Enhancing selfworth
Well-organized,Conviction in Violence,Brain-washed,Revenge
Well-organized,Conviction in Violence,Anti-establishment,No fear of punishment
ResourcefulGoal oriented,Inhuman Psyche,Intolerance to diversity of opinion,Concealed existence
Creative,Selfish,Inferiority complex,Emotions
Skillful,Conviction in Violence,Lack Social skills,Intolerance
Strategic planners,Loner,Intolerance to diversity of opinion,Lust
Smart,Unethical,Low self-worth,Thrill-seeking
ResourcefulGoal oriented,Emotional,Lack Social skills,Political beliefs
Well-networked,PassionateInsensitive,Low self-worth,Emotions
Sharp,Unethical,Rationalization,Need to Control others
Oppurtinists,Secretive,Unlawful,Risk tolerance
Strategic planners,Determined,Rebellious,Political beliefs
Creative,Risk-taker,Marginalised,Religious fundamentalism
Well trained,Emotional,Anti-social,Disregard for law
Skillful,Unethical,Lack Social skills,Revenge
Well-networked,Conviction in Violence,Intolerance to diversity of opinion,Need to Control others
Oppurtinists,Selfish,Social dissatisfaction,Enhancing selfworth
Sharp,Emotional,Marginalised,Political beliefs
ResourcefulGoal oriented,Psychiatric conditions,Rebellious,No fear of punishment
Sharp,Control freakPsychologically Deviant,Need to outsmart others,Concealed existence
Strategic planners,Gullible,Anti-state,Experimentation
Strategic planners,Chaotic state of mind,Need to outsmart others,Manipulate others
Well-organized,Conviction in Violence,Anti-state,Experimentation
Smart,Determined,Inferiority complex,Religious fundamentalism
Well-trained,Emotional,Need to outsmart others,Enhancing selfworth
Strategic planners,Identity crisis,Unlawful,Concealed existence
Well-organized,Unethical,Low self-worth,Intolerance
Strategic planners,Strong-willed,Lack Social skills,Experimentation
Well-organized,Coercive,Anti-state,Thrill-seeking
Well trained,Psychiatric conditions,Rebellious,Intolerance
Oppurtinists,Coercive,Low self-worth,Greed 
Sharp,Selfish,Marginalised,No fear of punishment
Bully,Determined,Low self-worth,Monetary Gain
Bully,Strong-willed,Low self-worth,Monetary Gain
Smart,Insensitive,Anti-social,Concealed existence
Oppurtinists,Emotional,Anti-establishment,Experimentation
Smart,PassionateInsensitive,Anti-establishment,No fear of punishment
Sharp,Identity crisis,Anti-social,Enhancing selfworth
Well-organized,Gullible,Unlawful,Curiosity
Bully,Incited,Brain-washed,Curiosity
Skillful,Psychiatric conditions,Reinforcement available,Need to Control others
Strategic planners,Emotional,Anti-social,No fear of punishment
Smart,Loner,Inferiority complex,Political beliefs
Well trained,Gullible,Anti-establishment,Revenge
Strategic planners,Incited,Rebellious,Manipulate others
Well trained,Emotional,Reinforcement available,Risk tolerance
Oppurtinists,Insensitive,Reinforcement available,Religious fundamentalism
ResourcefulGoal oriented,Psychiatric conditions,Anti-establishment,Plain boredom
Well-trained,Secretive,Marginalised,Experimentation
Sharp,Secretive,Rationalization,Religious fundamentalism
Strategic planners,Determined,Marginalised,Intolerance
Oppurtinists,Gullible,Marginalised,Anger
Sharp,Coercive,Reinforcement available,Curiosity
Well-trained,Risk-taker,Inferiority complex,Lust
Well trained,Gullible,Mass-destructionMisguided,Intolerance
Well-organized,Vengeful,Need to outsmart others,Thrill-seeking
Well-organized,Aggressive,Brain-washed,Lust
Oppurtinists,Selfish,Unlawful,Experimentation
Well-organized,Strong-willed,Intolerance to diversity of opinion,Disregard for law
Well-trained,Conviction in Violence,Intolerance to diversity of opinion,Greed 
Smart,Vengeful,Rationalization,Revenge
Creative,Coward,Anti-social,Greed 
Smart,Coward,Anti-social,Thrill-seeking
ResourcefulGoal oriented,Loner,Rebellious,Enhancing selfworth
Skillful,Incited,Rationalization,Curiosity
Well trained,Loner,Anti-state,Curiosity
Sharp,Aggressive,Unlawful,Religious fundamentalism
ResourcefulGoal oriented,Selfish,Anti-establishment,Anger
Smart,Impatient,Anti-establishment,Anger
Oppurtinists,Unethical,Marginalised,Emotions
Strategic planners,Gullible,Intolerance to diversity of opinion,Enhancing selfworth
Well-trained,Strong-willed,Rationalization,Political beliefs
Well-trained,Vengeful,Rationalization,Curiosity
Skillful,Risk-taker,Need to outsmart others,Greed 
Bully,Unethical,Mass-destructionMisguided,Enhancing selfworth
Smart,Inhuman Psyche,Social dissatisfaction,Religious fundamentalism
Smart,Coward,Intolerance to diversity of opinion,Concealed existence
Skillful,Psychiatric conditions,Anti-state,Disregard for law
ResourcefulGoal oriented,Coward,Mass-destructionMisguided,Concealed existence
Creative,Impatient,Inferiority complex,No fear of punishment
Creative,PassionateInsensitive,Inferiority complex,Need to Control others
Creative,Aggressive,Marginalised,Manipulate others
Well-trained,Incited,Inferiority complex,Greed 
Creative,PassionateInsensitive,Mass-destructionMisguided,Intolerance
ResourcefulGoal oriented,Strong-willed,Brain-washed,Thrill-seeking
Skillful,PassionateInsensitive,Low self-worth,Religious fundamentalism
ResourcefulGoal oriented,PassionateInsensitive,Mass-destructionMisguided,Experimentation
Well trained,Coercive,Inferiority complex,Enhancing selfworth
Well-networked,Identity crisis,Need to outsmart others,Political support
Well-organized,Chaotic state of mind,Low self-worth,Experimentation
Smart,Strong-willed,Anti-state,Intolerance
Well-networked,Selfish,Marginalised,Manipulate others
Well-trained,PassionateInsensitive,Rebellious,Concealed existence
Skillful,Risk-taker,Need to outsmart others,Revenge
Bully,Impatient,Anti-social,Plain boredom
Well trained,Psychiatric conditions,Anti-social,Political support
Oppurtinists,Impatient,Reinforcement available,Plain boredom
Skillful,Vengeful,Marginalised,Political beliefs
Well-organized,Insensitive,Brain-washed,Need to Control others
ResourcefulGoal oriented,Unethical,Low self-worth,Lust
Well trained,Identity crisis,Reinforcement available,Manipulate others
Well-organized,Unethical,Lack Social skills,No fear of punishment
Sharp,Selfish,Intolerance to diversity of opinion,Intolerance
Creative,Vengeful,Reinforcement available,Lust
Well-trained,Control freakPsychologically Deviant,Mass-destructionMisguided,Greed 
Sharp,Loner,Inferiority complex,Experimentation
ResourcefulGoal oriented,Psychiatric conditions,Rebellious,Lust
ResourcefulGoal oriented,Conviction in Violence,Anti-establishment,Political support
Well trained,Determined,Rationalization,Monetary Gain
Smart,Conviction in Violence,Intolerance to diversity of opinion,Emotions
ResourcefulGoal oriented,Impatient,Reinforcement available,Manipulate others
Bully,Incited,Anti-social,Greed 
Strategic planners,Impatient,Inferiority complex,Concealed existence
Sharp,Determined,Intolerance to diversity of opinion,No fear of punishment
Sharp,Incited,Rationalization,Political support
Bully,Selfish,Unlawful,Political support
Well trained,Secretive,Anti-social,Curiosity
Sharp,Control freakPsychologically Deviant,Low self-worth,Anger
Creative,Risk-taker,Anti-state,Intolerance
Smart,Conviction in Violence,Social dissatisfaction,Curiosity
Smart,Gullible,Mass-destructionMisguided,Political support
Skillful,Strong-willed,Lack Social skills,Plain boredom
Bully,Chaotic state of mind,Lack Social skills,Curiosity
Skillful,Insensitive,Anti-state,Disregard for law
Strategic planners,Risk-taker,Low self-worth,Intolerance
Oppurtinists,Insensitive,Low self-worth,Monetary Gain
Well-organized,Control freakPsychologically Deviant,Brain-washed,Enhancing selfworth
Well trained,Emotional,Social dissatisfaction,Lust
Skillful,Loner,Anti-establishment,Political support
Oppurtinists,Strong-willed,Rationalization,Emotions
Well-networked,Determined,Rationalization,Greed 
Oppurtinists,Psychiatric conditions,Rationalization,Thrill-seeking
Well trained,Control freakPsychologically Deviant,Marginalised,Enhancing selfworth
Well trained,Inhuman Psyche,Anti-social,Curiosity
Strategic planners,Loner,Unlawful,Thrill-seeking
Strategic planners,Coward,Lack Social skills,Plain boredom
ResourcefulGoal oriented,Emotional,Rationalization,Political support
Well-organized,Insensitive,Unlawful,Plain boredom
Strategic planners,Coercive,Reinforcement available,No fear of punishment
Well trained,Secretive,Low self-worth,Enhancing selfworth
Skillful,Identity crisis,Social dissatisfaction,Curiosity
Well-trained,Determined,Need to outsmart others,Risk tolerance
ResourcefulGoal oriented,Gullible,Intolerance to diversity of opinion,Political beliefs
Well-trained,Psychiatric conditions,Intolerance to diversity of opinion,Anger
Well-trained,Inhuman Psyche,Low self-worth,Enhancing selfworth
Strategic planners,Unethical,Inferiority complex,Revenge
Well trained,Selfish,Anti-social,Intolerance
Creative,Unethical,Marginalised,Greed 
Well trained,Determined,Mass-destructionMisguided,Anger
Oppurtinists,Aggressive,Intolerance to diversity of opinion,Thrill-seeking
Sharp,Secretive,Anti-state,Enhancing selfworth
Well trained,Incited,Rebellious,Political beliefs
Creative,Impatient,Unlawful,Manipulate others
Sharp,Emotional,Brain-washed,Revenge
Well trained,Conviction in Violence,Social dissatisfaction,Risk tolerance
Well-trained,Loner,Lack Social skills,Plain boredom
Well-trained,Gullible,Low self-worth,Enhancing selfworth
Well trained,Incited,Anti-establishment,No fear of punishment
Oppurtinists,Determined,Unlawful,Curiosity
Well-networked,Identity crisis,Intolerance to diversity of opinion,Disregard for law
Skillful,Identity crisis,Marginalised,Intolerance
Well-organized,Conviction in Violence,Reinforcement available,Disregard for law
Well trained,Psychiatric conditions,Social dissatisfaction,Manipulate others
Well trained,Gullible,Inferiority complex,Political beliefs
Well trained,Conviction in Violence,Need to outsmart others,Curiosity
Bully,Aggressive,Social dissatisfaction,Concealed existence
Sharp,Emotional,Unlawful,Manipulate others
ResourcefulGoal oriented,Determined,Social dissatisfaction,Plain boredom
Bully,Psychiatric conditions,Unlawful,Anger
ResourcefulGoal oriented,Control freakPsychologically Deviant,Need to outsmart others,Political beliefs
ResourcefulGoal oriented,Risk-taker,Anti-establishment,Political support
Well-networked,Psychiatric conditions,Unlawful,Religious fundamentalism
Creative,Coward,Unlawful,Greed 
Oppurtinists,Loner,Reinforcement available,Risk tolerance
Skillful,Chaotic state of mind,Low self-worth,Anger
Sharp,Loner,Mass-destructionMisguided,Emotions
Strategic planners,Emotional,Mass-destructionMisguided,Manipulate others
Well-trained,Impatient,Rebellious,Political beliefs
Oppurtinists,Vengeful,Marginalised,Manipulate others
Oppurtinists,Loner,Anti-state,Anger
Creative,Psychiatric conditions,Intolerance to diversity of opinion,Enhancing selfworth
Smart,Inhuman Psyche,Inferiority complex,Plain boredom
Bully,Determined,Anti-social,Plain boredom
Bully,Coercive,Rationalization,Lust
Smart,Conviction in Violence,Anti-establishment,Political support
Sharp,Impatient,Anti-state,Anger
Well-organized,Inhuman Psyche,Rebellious,Plain boredom
Well trained,Chaotic state of mind,Low self-worth,Religious fundamentalism
Well trained,Incited,Inferiority complex,Plain boredom
Sharp,Emotional,Lack Social skills,Emotions
ResourcefulGoal oriented,Coward,Inferiority complex,Emotions
Bully,Aggressive,Anti-establishment,Intolerance
Creative,Control freakPsychologically Deviant,Social dissatisfaction,Thrill-seeking
Well-trained,Gullible,Reinforcement available,Experimentation
Oppurtinists,Secretive,Intolerance to diversity of opinion,Disregard for law
Smart,Secretive,Lack Social skills,Enhancing selfworth
Well-organized,Risk-taker,Rationalization,Religious fundamentalism
Creative,Secretive,Mass-destructionMisguided,Concealed existence
ResourcefulGoal oriented,Unethical,Need to outsmart others,Experimentation
ResourcefulGoal oriented,Strong-willed,Social dissatisfaction,Revenge
Well-networked,Psychiatric conditions,Anti-social,Need to Control others
Oppurtinists,Selfish,Brain-washed,Enhancing selfworth
Strategic planners,Selfish,Anti-social,Thrill-seeking
Skillful,Selfish,Rationalization,Thrill-seeking
Creative,Impatient,Rationalization,Thrill-seeking
Creative,Identity crisis,Unlawful,Enhancing selfworth
ResourcefulGoal oriented,Gullible,Unlawful,No fear of punishment
Creative,Strong-willed,Marginalised,Religious fundamentalism
Well-organized,Unethical,Need to outsmart others,Monetary Gain
Creative,Incited,Social dissatisfaction,Revenge
Creative,Impatient,Anti-establishment,Thrill-seeking
Well-networked,Conviction in Violence,Inferiority complex,Political beliefs
Strategic planners,Psychiatric conditions,Marginalised,Lust
Bully,Impatient,Social dissatisfaction,Disregard for law
Creative,Secretive,Mass-destructionMisguided,Emotions
Well-organized,Emotional,Intolerance to diversity of opinion,Need to Control others
Well-networked,Insensitive,Rebellious,Plain boredom
Bully,Loner,Rebellious,Religious fundamentalism
Oppurtinists,Unethical,Anti-social,Experimentation
ResourcefulGoal oriented,PassionateInsensitive,Mass-destructionMisguided,Thrill-seeking
Sharp,Strong-willed,Marginalised,Manipulate others
Creative,Coercive,Mass-destructionMisguided,Thrill-seeking
Strategic planners,Gullible,Reinforcement available,Need to Control others
Strategic planners,Control freakPsychologically Deviant,Reinforcement available,Enhancing selfworth
Oppurtinists,Vengeful,Reinforcement available,Manipulate others
Creative,Risk-taker,Need to outsmart others,Risk tolerance
Well trained,PassionateInsensitive,Need to outsmart others,Enhancing selfworth
ResourcefulGoal oriented,PassionateInsensitive,Rationalization,Lust
Skillful,Coward,Low self-worth,Religious fundamentalism
Strategic planners,Determined,Marginalised,Concealed existence
Well trained,Inhuman Psyche,Inferiority complex,Concealed existence
Creative,Determined,Anti-social,Manipulate others
Creative,Aggressive,Mass-destructionMisguided,Emotions
Skillful,Insensitive,Inferiority complex,Monetary Gain
ResourcefulGoal oriented,Conviction in Violence,Unlawful,Thrill-seeking
Smart,Gullible,Rationalization,Need to Control others
Sharp,Loner,Brain-washed,Monetary Gain
Smart,Coercive,Intolerance to diversity of opinion,Political support
Bully,Identity crisis,Rebellious,Religious fundamentalism
Well trained,PassionateInsensitive,Anti-state,Need to Control others
Well-organized,Emotional,Anti-social,Experimentation
Well-trained,Gullible,Marginalised,Anger
Sharp,Identity crisis,Marginalised,Experimentation
Smart,Risk-taker,Anti-establishment,Disregard for law
Strategic planners,Vengeful,Reinforcement available,No fear of punishment
Sharp,Unethical,Mass-destructionMisguided,Revenge
Strategic planners,Psychiatric conditions,Intolerance to diversity of opinion,Political beliefs
Smart,Control freakPsychologically Deviant,Unlawful,Experimentation
Well-trained,Inhuman Psyche,Marginalised,Revenge
Creative,Coward,Inferiority complex,Concealed existence
Oppurtinists,Insensitive,Anti-social,Need to Control others
ResourcefulGoal oriented,Inhuman Psyche,Rebellious,Curiosity
Creative,Identity crisis,Rebellious,Manipulate others
Skillful,Identity crisis,Social dissatisfaction,Enhancing selfworth
Well-organized,Coward,Rebellious,Monetary Gain
Sharp,Psychiatric conditions,Brain-washed,Concealed existence
Well-networked,PassionateInsensitive,Unlawful,No fear of punishment
Well-organized,Gullible,Reinforcement available,Political support
Oppurtinists,Insensitive,Unlawful,Monetary Gain
Sharp,Gullible,Reinforcement available,Disregard for law
Creative,Loner,Low self-worth,Anger
Skillful,Identity crisis,Marginalised,Emotions
Well trained,Unethical,Brain-washed,Risk tolerance
Sharp,Incited,Anti-social,Greed 
Well trained,Determined,Rebellious,Curiosity
Well-networked,Incited,Marginalised,Lust
Sharp,Unethical,Social dissatisfaction,Political beliefs
Oppurtinists,Incited,Anti-social,Intolerance
Well-organized,Control freakPsychologically Deviant,Anti-state,Intolerance
Sharp,Unethical,Mass-destructionMisguided,Revenge
Well-networked,Inhuman Psyche,Lack Social skills,Experimentation
Well-trained,Coward,Social dissatisfaction,No fear of punishment
Oppurtinists,Aggressive,Anti-social,Revenge
Well-networked,Coercive,Rationalization,Religious fundamentalism
Creative,Aggressive,Need to outsmart others,No fear of punishment
Strategic planners,Control freakPsychologically Deviant,Social dissatisfaction,Experimentation
Oppurtinists,Inhuman Psyche,Anti-social,Revenge
ResourcefulGoal oriented,Inhuman Psyche,Need to outsmart others,Need to Control others
ResourcefulGoal oriented,Loner,Lack Social skills,Lust
Strategic planners,Inhuman Psyche,Social dissatisfaction,Enhancing selfworth
Strategic planners,Secretive,Inferiority complex,No fear of punishment
Creative,Insensitive,Mass-destructionMisguided,Plain boredom
Well-organized,Vengeful,Unlawful,Plain boredom
Creative,Psychiatric conditions,Brain-washed,Enhancing selfworth
Well-organized,Determined,Social dissatisfaction,No fear of punishment
Smart,Risk-taker,Unlawful,Greed 
ResourcefulGoal oriented,Risk-taker,Anti-establishment,Intolerance
Skillful,Insensitive,Lack Social skills,Thrill-seeking
Well-networked,Impatient,Rebellious,Concealed existence
Well trained,Gullible,Need to outsmart others,Monetary Gain
Sharp,Strong-willed,Anti-social,Lust
Creative,Chaotic state of mind,Intolerance to diversity of opinion,Manipulate others
Well trained,Gullible,Social dissatisfaction,Risk tolerance
Bully,Loner,Unlawful,Plain boredom
Smart,Inhuman Psyche,Intolerance to diversity of opinion,Experimentation
Strategic planners,Incited,Inferiority complex,Risk tolerance
Skillful,Aggressive,Low self-worth,Curiosity
Sharp,Identity crisis,Mass-destructionMisguided,Enhancing selfworth
Creative,Inhuman Psyche,Marginalised,Greed 
ResourcefulGoal oriented,Selfish,Lack Social skills,Intolerance
Sharp,Vengeful,Intolerance to diversity of opinion,Curiosity
Well-trained,Conviction in Violence,Marginalised,Revenge
Well-trained,Strong-willed,Rationalization,Manipulate others
Creative,Strong-willed,Social dissatisfaction,Political support
Creative,Control freakPsychologically Deviant,Lack Social skills,Experimentation
Well trained,Chaotic state of mind,Lack Social skills,Curiosity
Bully,Loner,Lack Social skills,Lust
Smart,Incited,Unlawful,Manipulate others
Oppurtinists,Insensitive,Brain-washed,Disregard for law
Well-organized,Gullible,Social dissatisfaction,Emotions
Smart,Selfish,Mass-destructionMisguided,Political beliefs
Well trained,Psychiatric conditions,Lack Social skills,Monetary Gain
Well trained,Selfish,Social dissatisfaction,Experimentation
Well-organized,Gullible,Mass-destructionMisguided,Monetary Gain
Strategic planners,Psychiatric conditions,Mass-destructionMisguided,Political beliefs
Well-organized,Coercive,Brain-washed,Concealed existence
Well trained,Vengeful,Inferiority complex,Lust
Bully,Risk-taker,Rationalization,Intolerance
Well-trained,Selfish,Rebellious,Revenge
ResourcefulGoal oriented,Coward,Social dissatisfaction,Anger
Strategic planners,Unethical,Low self-worth,Experimentation
Well trained,Insensitive,Low self-worth,Need to Control others
Creative,Selfish,Social dissatisfaction,Plain boredom
Strategic planners,Inhuman Psyche,Anti-establishment,Manipulate others
Well-organized,Emotional,Need to outsmart others,Concealed existence
Skillful,Conviction in Violence,Rationalization,Revenge
Sharp,Vengeful,Need to outsmart others,Need to Control others
Smart,Psychiatric conditions,Rationalization,Revenge
Strategic planners,Coercive,Rationalization,Anger
ResourcefulGoal oriented,Inhuman Psyche,Mass-destructionMisguided,Thrill-seeking
Sharp,Unethical,Anti-establishment,Revenge
Skillful,Determined,Social dissatisfaction,Political support
Well-trained,Incited,Reinforcement available,Greed 
Well-trained,Loner,Anti-state,Thrill-seeking
ResourcefulGoal oriented,Emotional,Anti-state,Experimentation
Creative,Impatient,Inferiority complex,Enhancing selfworth
Bully,Impatient,Anti-establishment,Manipulate others
Well trained,Coward,Social dissatisfaction,Thrill-seeking
Well trained,Unethical,Inferiority complex,Anger
Well trained,Determined,Intolerance to diversity of opinion,Curiosity
Well trained,Psychiatric conditions,Need to outsmart others,Emotions
ResourcefulGoal oriented,Chaotic state of mind,Marginalised,Need to Control others
Well-networked,Identity crisis,Anti-social,Lust
Strategic planners,Identity crisis,Unlawful,Emotions
Well-trained,Impatient,Inferiority complex,Lust
Well trained,Inhuman Psyche,Mass-destructionMisguided,Anger
Oppurtinists,Inhuman Psyche,Social dissatisfaction,Experimentation
Smart,Chaotic state of mind,Mass-destructionMisguided,Lust
Sharp,Strong-willed,Anti-social,Lust
ResourcefulGoal oriented,Vengeful,Social dissatisfaction,Thrill-seeking
Well trained,Aggressive,Brain-washed,Need to Control others
Strategic planners,Control freakPsychologically Deviant,Rebellious,Need to Control others
Well-networked,Control freakPsychologically Deviant,Marginalised,Intolerance
Skillful,Vengeful,Intolerance to diversity of opinion,No fear of punishment
Sharp,Unethical,Anti-establishment,Political beliefs
Smart,Conviction in Violence,Need to outsmart others,Risk tolerance
Sharp,Conviction in Violence,Lack Social skills,Manipulate others
Well-organized,Control freakPsychologically Deviant,Low self-worth,Curiosity
Smart,Emotional,Intolerance to diversity of opinion,Experimentation
ResourcefulGoal oriented,Control freakPsychologically Deviant,Anti-social,Greed 
Well trained,Gullible,Need to outsmart others,Experimentation
Well-networked,Identity crisis,Low self-worth,Curiosity
Smart,Coercive,Reinforcement available,No fear of punishment
Creative,Incited,Anti-establishment,Manipulate others
Well trained,Secretive,Lack Social skills,Lust
Well trained,Conviction in Violence,Anti-establishment,Risk tolerance
Well-organized,Incited,Lack Social skills,Lust
Well-trained,Insensitive,Low self-worth,Religious fundamentalism
Smart,Gullible,Anti-social,Greed 
Creative,Identity crisis,Rebellious,No fear of punishment
ResourcefulGoal oriented,Identity crisis,Brain-washed,No fear of punishment
ResourcefulGoal oriented,Psychiatric conditions,Anti-state,Thrill-seeking
Well-trained,Control freakPsychologically Deviant,Rationalization,Enhancing selfworth
Well-organized,Chaotic state of mind,Low self-worth,Political beliefs
Sharp,Vengeful,Anti-establishment,Emotions
Smart,Unethical,Intolerance to diversity of opinion,Plain boredom
Sharp,Aggressive,Anti-state,Monetary Gain
Oppurtinists,Incited,Inferiority complex,Political support
Well trained,Aggressive,Anti-social,Religious fundamentalism
Strategic planners,Vengeful,Anti-state,Intolerance
Well-organized,Vengeful,Reinforcement available,Experimentation
Bully,Inhuman Psyche,Brain-washed,Need to Control others
Well-networked,Selfish,Low self-worth,Concealed existence
Oppurtinists,Risk-taker,Anti-social,Plain boredom
Well-trained,Coercive,Brain-washed,Intolerance
ResourcefulGoal oriented,Aggressive,Rebellious,Concealed existence
Skillful,Insensitive,Intolerance to diversity of opinion,Political beliefs
Sharp,Control freakPsychologically Deviant,Social dissatisfaction,Political beliefs
Sharp,Gullible,Reinforcement available,Risk tolerance
Strategic planners,Control freakPsychologically Deviant,Rebellious,Lust
Oppurtinists,Insensitive,Anti-social,Lust
Creative,Incited,Lack Social skills,Anger
Well-trained,Risk-taker,Anti-state,Anger
Well-trained,Identity crisis,Anti-establishment,Need to Control others
ResourcefulGoal oriented,Identity crisis,Need to outsmart others,Concealed existence
Well-networked,Strong-willed,Unlawful,Risk tolerance
Well-organized,Insensitive,Anti-state,No fear of punishment
Bully,Inhuman Psyche,Lack Social skills,Religious fundamentalism
Sharp,Inhuman Psyche,Inferiority complex,Risk tolerance
Well-trained,Inhuman Psyche,Mass-destructionMisguided,Political beliefs
Strategic planners,Identity crisis,Anti-establishment,Enhancing selfworth
Well-trained,Secretive,Anti-state,No fear of punishment
Bully,Selfish,Inferiority complex,No fear of punishment
Sharp,Inhuman Psyche,Marginalised,No fear of punishment
Strategic planners,Coward,Anti-social,Curiosity
Smart,Secretive,Low self-worth,Plain boredom
Well-networked,Control freakPsychologically Deviant,Brain-washed,Monetary Gain
Skillful,Psychiatric conditions,Reinforcement available,No fear of punishment
Skillful,Incited,Inferiority complex,Intolerance
Oppurtinists,Aggressive,Marginalised,Enhancing selfworth
Oppurtinists,Secretive,Inferiority complex,Lust
Sharp,PassionateInsensitive,Rebellious,Political beliefs
Bully,Coercive,Mass-destructionMisguided,Political beliefs
Skillful,Identity crisis,Anti-state,Lust
Creative,Determined,Social dissatisfaction,Emotions
Oppurtinists,Control freakPsychologically Deviant,Mass-destructionMisguided,Political support
Bully,Risk-taker,Mass-destructionMisguided,Political beliefs
Oppurtinists,Chaotic state of mind,Low self-worth,Emotions
Smart,Aggressive,Social dissatisfaction,Monetary Gain
Skillful,Coercive,Mass-destructionMisguided,No fear of punishment
Well-organized,Secretive,Lack Social skills,Political beliefs
Well-organized,Coercive,Rationalization,Revenge
Bully,Psychiatric conditions,Mass-destructionMisguided,Experimentation
Creative,Determined,Rationalization,Risk tolerance
Strategic planners,Unethical,Need to outsmart others,Experimentation
Well-networked,Selfish,Rebellious,Risk tolerance
ResourcefulGoal oriented,Emotional,Social dissatisfaction,Religious fundamentalism
ResourcefulGoal oriented,Loner,Low self-worth,Political support
Skillful,Unethical,Anti-establishment,Experimentation
Bully,Determined,Low self-worth,Disregard for law
Well-networked,Identity crisis,Rationalization,Enhancing selfworth
Oppurtinists,Loner,Lack Social skills,Concealed existence
Creative,Control freakPsychologically Deviant,Rationalization,Intolerance
Well trained,Inhuman Psyche,Intolerance to diversity of opinion,Experimentation
Oppurtinists,Strong-willed,Marginalised,Enhancing selfworth
Well-trained,Unethical,Marginalised,Enhancing selfworth
Oppurtinists,Determined,Rebellious,Intolerance
Bully,Psychiatric conditions,Rebellious,No fear of punishment
Strategic planners,Loner,Low self-worth,Anger
Well-trained,Gullible,Rebellious,Emotions
Bully,Identity crisis,Mass-destructionMisguided,Anger
Oppurtinists,Aggressive,Social dissatisfaction,Disregard for law
Well-organized,Identity crisis,Rationalization,Disregard for law
Well-trained,Coercive,Lack Social skills,Revenge
ResourcefulGoal oriented,Secretive,Inferiority complex,Anger
Smart,Incited,Anti-social,Intolerance
Well-trained,Chaotic state of mind,Rebellious,Risk tolerance
Oppurtinists,Insensitive,Rebellious,Risk tolerance
Creative,Emotional,Anti-social,Greed 
Oppurtinists,Unethical,Anti-establishment,Curiosity
Creative,Strong-willed,Need to outsmart others,Intolerance
Smart,Identity crisis,Anti-social,Lust
Well-organized,Loner,Intolerance to diversity of opinion,Enhancing selfworth
Creative,Identity crisis,Anti-state,Manipulate others
Well trained,Identity crisis,Social dissatisfaction,Manipulate others
Well-trained,Selfish,Social dissatisfaction,Plain boredom
Well-organized,Control freakPsychologically Deviant,Anti-social,Plain boredom
Well-networked,Loner,Rebellious,Manipulate others
Strategic planners,Chaotic state of mind,Anti-state,Lust
Oppurtinists,Gullible,Marginalised,Political beliefs
Well trained,Psychiatric conditions,Anti-social,Need to Control others
Creative,Inhuman Psyche,Anti-social,Thrill-seeking
Well-trained,Gullible,Intolerance to diversity of opinion,Monetary Gain
Sharp,Risk-taker,Need to outsmart others,Experimentation
Creative,Insensitive,Social dissatisfaction,Political beliefs
Creative,Coercive,Need to outsmart others,Curiosity
ResourcefulGoal oriented,Risk-taker,Reinforcement available,Greed 
Well trained,Emotional,Social dissatisfaction,Revenge
Bully,Insensitive,Brain-washed,Revenge
Well-trained,Determined,Lack Social skills,Religious fundamentalism
Oppurtinists,Selfish,Anti-social,Political beliefs
Bully,Vengeful,Inferiority complex,Curiosity
Well trained,Loner,Lack Social skills,Risk tolerance
Smart,Selfish,Anti-social,Anger
Sharp,Secretive,Inferiority complex,Concealed existence
Well-networked,Chaotic state of mind,Inferiority complex,Risk tolerance
Well trained,Emotional,Anti-establishment,Emotions
Strategic planners,Unethical,Anti-state,Revenge
Strategic planners,Determined,Lack Social skills,Need to Control others
Bully,Strong-willed,Social dissatisfaction,Anger
Strategic planners,Gullible,Low self-worth,Curiosity
Well-networked,Insensitive,Reinforcement available,Religious fundamentalism
Smart,Unethical,Reinforcement available,Disregard for law
Smart,Coward,Rationalization,Risk tolerance
Smart,Secretive,Brain-washed,Greed 
Sharp,Selfish,Marginalised,Intolerance
Smart,Insensitive,Unlawful,Political support
Oppurtinists,Unethical,Reinforcement available,Disregard for law
ResourcefulGoal oriented,Risk-taker,Social dissatisfaction,Revenge
Sharp,Impatient,Intolerance to diversity of opinion,Experimentation
Sharp,Coercive,Need to outsmart others,Manipulate others
Creative,Strong-willed,Rebellious,Emotions
Well-organized,Selfish,Social dissatisfaction,Lust
Bully,Aggressive,Unlawful,Manipulate others
Oppurtinists,Strong-willed,Lack Social skills,Religious fundamentalism
Well-organized,Secretive,Reinforcement available,Curiosity
Bully,PassionateInsensitive,Rationalization,Concealed existence
ResourcefulGoal oriented,Insensitive,Brain-washed,Enhancing selfworth
Oppurtinists,Risk-taker,Low self-worth,Thrill-seeking
Well-organized,Gullible,Intolerance to diversity of opinion,Thrill-seeking
ResourcefulGoal oriented,Coward,Anti-state,Need to Control others
Oppurtinists,Gullible,Inferiority complex,Political support
Skillful,Chaotic state of mind,Anti-social,Plain boredom
Well-trained,Coercive,Rebellious,Religious fundamentalism
Creative,Secretive,Rationalization,Risk tolerance
Strategic planners,Incited,Mass-destructionMisguided,Manipulate others
Skillful,Vengeful,Reinforcement available,Need to Control others
Well-trained,Selfish,Rationalization,Political beliefs
Sharp,Determined,Low self-worth,Enhancing selfworth
Well trained,Psychiatric conditions,Inferiority complex,Curiosity
Sharp,Risk-taker,Need to outsmart others,Manipulate others
Oppurtinists,Strong-willed,Unlawful,Risk tolerance
Sharp,Coercive,Social dissatisfaction,Concealed existence
Creative,Vengeful,Need to outsmart others,Revenge
Creative,Control freakPsychologically Deviant,Rebellious,Political support
Sharp,Loner,Lack Social skills,Experimentation
Well-organized,Coward,Inferiority complex,Greed 
Creative,Inhuman Psyche,Social dissatisfaction,Experimentation
Oppurtinists,Selfish,Reinforcement available,Emotions
Oppurtinists,Psychiatric conditions,Lack Social skills,No fear of punishment
Well-trained,Determined,Reinforcement available,Political support
Well-organized,Emotional,Intolerance to diversity of opinion,Disregard for law
Smart,Inhuman Psyche,Low self-worth,Manipulate others
Well-networked,Determined,Need to outsmart others,Emotions
Well trained,Determined,Low self-worth,Enhancing selfworth
Well-networked,Determined,Intolerance to diversity of opinion,Monetary Gain
Skillful,Coercive,Intolerance to diversity of opinion,Intolerance
Well-trained,Chaotic state of mind,Brain-washed,Plain boredom
Well-networked,Insensitive,Reinforcement available,Lust
Sharp,Gullible,Marginalised,Disregard for law
Well-networked,Vengeful,Social dissatisfaction,Risk tolerance
Bully,Coercive,Anti-establishment,Revenge
Sharp,Insensitive,Unlawful,Plain boredom
ResourcefulGoal oriented,Coward,Anti-establishment,Need to Control others
Oppurtinists,Gullible,Anti-state,Revenge
Smart,Chaotic state of mind,Need to outsmart others,Lust
Well-trained,Emotional,Anti-social,Risk tolerance
Strategic planners,Aggressive,Inferiority complex,Disregard for law
Bully,Strong-willed,Intolerance to diversity of opinion,Need to Control others
Creative,PassionateInsensitive,Brain-washed,Need to Control others
Well-networked,Loner,Social dissatisfaction,Experimentation
Well-trained,Identity crisis,Low self-worth,Enhancing selfworth
Oppurtinists,Inhuman Psyche,Anti-state,Emotions
Oppurtinists,Incited,Rationalization,Experimentation
Sharp,Emotional,Social dissatisfaction,No fear of punishment
Well-trained,Risk-taker,Rebellious,Risk tolerance
Well-networked,Loner,Low self-worth,Emotions
Smart,Gullible,Marginalised,Thrill-seeking
Sharp,Chaotic state of mind,Unlawful,Anger
Well-organized,Incited,Anti-state,Political beliefs
Skillful,Gullible,Marginalised,Revenge
Well trained,Insensitive,Inferiority complex,Enhancing selfworth
Well-trained,Insensitive,Anti-establishment,Emotions
Strategic planners,Incited,Marginalised,Emotions
Well trained,Impatient,Social dissatisfaction,Need to Control others
Well trained,Insensitive,Unlawful,Concealed existence
Sharp,Emotional,Low self-worth,Intolerance
Well trained,Emotional,Low self-worth,Political beliefs
Smart,Secretive,Anti-social,Revenge
Creative,Impatient,Unlawful,Political beliefs
Bully,Chaotic state of mind,Brain-washed,Manipulate others
ResourcefulGoal oriented,Insensitive,Mass-destructionMisguided,Plain boredom
Well-trained,Coward,Anti-establishment,Political beliefs
Creative,Aggressive,Unlawful,Manipulate others
Well-organized,Strong-willed,Brain-washed,Lust
Smart,Selfish,Lack Social skills,No fear of punishment
Strategic planners,Vengeful,Inferiority complex,Disregard for law
Bully,Vengeful,Rebellious,No fear of punishment
Sharp,Impatient,Anti-social,Greed 
Oppurtinists,Emotional,Anti-state,Anger
Creative,Chaotic state of mind,Low self-worth,Manipulate others
Oppurtinists,Insensitive,Lack Social skills,Curiosity
Creative,Risk-taker,Reinforcement available,Political beliefs
Creative,Selfish,Anti-social,Thrill-seeking
Well trained,Aggressive,Marginalised,Political beliefs
ResourcefulGoal oriented,Inhuman Psyche,Social dissatisfaction,Religious fundamentalism
Well-networked,Aggressive,Rationalization,Anger
Bully,Determined,Inferiority complex,Lust
Creative,Insensitive,Inferiority complex,Revenge
ResourcefulGoal oriented,Secretive,Anti-state,Religious fundamentalism
Sharp,Inhuman Psyche,Social dissatisfaction,Religious fundamentalism
Strategic planners,Psychiatric conditions,Mass-destructionMisguided,Greed 
Sharp,Emotional,Brain-washed,Intolerance
Smart,Impatient,Intolerance to diversity of opinion,Intolerance
Strategic planners,Incited,Low self-worth,Political support
Oppurtinists,Vengeful,Rationalization,Concealed existence
Bully,Risk-taker,Intolerance to diversity of opinion,Thrill-seeking
Smart,Risk-taker,Low self-worth,Disregard for law
Bully,Gullible,Lack Social skills,Political beliefs
Bully,Incited,Anti-state,Disregard for law
Creative,Secretive,Need to outsmart others,Disregard for law
Creative,Impatient,Mass-destructionMisguided,Manipulate others
Oppurtinists,Secretive,Mass-destructionMisguided,Need to Control others
Well-trained,Coward,Low self-worth,Anger
Sharp,Control freakPsychologically Deviant,Rebellious,Anger
Well trained,Coercive,Anti-social,Enhancing selfworth
Smart,Psychiatric conditions,Rationalization,Political support
Skillful,Psychiatric conditions,Low self-worth,Lust
Skillful,Gullible,Reinforcement available,Curiosity
Strategic planners,Psychiatric conditions,Intolerance to diversity of opinion,Experimentation
Bully,Vengeful,Intolerance to diversity of opinion,Anger
Well-organized,Chaotic state of mind,Marginalised,Political support
Creative,Impatient,Brain-washed,Intolerance
Sharp,Insensitive,Intolerance to diversity of opinion,Concealed existence
Smart,Impatient,Inferiority complex,Emotions
Well trained,Identity crisis,Intolerance to diversity of opinion,Emotions
Creative,Coward,Need to outsmart others,Political support
Sharp,Emotional,Anti-establishment,Greed 
Strategic planners,Identity crisis,Brain-washed,Greed 
Strategic planners,Determined,Need to outsmart others,Experimentation
Smart,Coercive,Reinforcement available,Lust
Strategic planners,Gullible,Mass-destructionMisguided,No fear of punishment
Skillful,Inhuman Psyche,Rationalization,Risk tolerance
Bully,Incited,Mass-destructionMisguided,Enhancing selfworth
Smart,Control freakPsychologically Deviant,Mass-destructionMisguided,No fear of punishment
Skillful,Incited,Inferiority complex,No fear of punishment
Well-networked,Selfish,Brain-washed,Emotions
Skillful,Impatient,Brain-washed,Lust
Well-organized,Chaotic state of mind,Intolerance to diversity of opinion,Political beliefs
Skillful,Insensitive,Reinforcement available,Disregard for law
Well-organized,Determined,Unlawful,Greed 
Well trained,Coercive,Rebellious,Intolerance
Well trained,Emotional,Anti-establishment,Religious fundamentalism
Oppurtinists,Insensitive,Mass-destructionMisguided,Anger
Strategic planners,Selfish,Social dissatisfaction,Manipulate others
Well-trained,Unethical,Reinforcement available,Disregard for law
Well-networked,Incited,Mass-destructionMisguided,Risk tolerance
Oppurtinists,Coward,Need to outsmart others,Manipulate others
Creative,Chaotic state of mind,Low self-worth,Greed 
Smart,Unethical,Anti-state,Thrill-seeking
Sharp,Incited,Rebellious,Monetary Gain
Well-organized,Determined,Unlawful,Lust
Oppurtinists,Conviction in Violence,Reinforcement available,Revenge
Well-trained,Identity crisis,Intolerance to diversity of opinion,Religious fundamentalism
Strategic planners,Unethical,Unlawful,Revenge
Oppurtinists,Emotional,Marginalised,Revenge
Well trained,Strong-willed,Intolerance to diversity of opinion,Manipulate others
Well-networked,Conviction in Violence,Low self-worth,Political support
Smart,Coercive,Anti-establishment,Enhancing selfworth
Strategic planners,Gullible,Rationalization,Manipulate others
Skillful,PassionateInsensitive,Anti-establishment,Experimentation
Oppurtinists,Aggressive,Marginalised,Experimentation
ResourcefulGoal oriented,Loner,Need to outsmart others,Disregard for law
Oppurtinists,Impatient,Anti-state,Religious fundamentalism
Skillful,Impatient,Low self-worth,Risk tolerance
Well-organized,Control freakPsychologically Deviant,Brain-washed,Plain boredom
Well-networked,Coward,Reinforcement available,Enhancing selfworth
Sharp,Loner,Inferiority complex,Disregard for law
Well trained,Insensitive,Rebellious,Anger
Well-organized,Selfish,Intolerance to diversity of opinion,Concealed existence
Well-trained,Selfish,Mass-destructionMisguided,Greed 
Well-networked,Impatient,Rationalization,Political support
Well-networked,Gullible,Anti-establishment,Enhancing selfworth
Sharp,Selfish,Rationalization,Curiosity
ResourcefulGoal oriented,Insensitive,Need to outsmart others,Lust
Sharp,Gullible,Reinforcement available,Plain boredom
Skillful,Conviction in Violence,Unlawful,Political support
Strategic planners,Insensitive,Intolerance to diversity of opinion,No fear of punishment
Smart,Coercive,Intolerance to diversity of opinion,Political support
Well-networked,Psychiatric conditions,Inferiority complex,Risk tolerance
Oppurtinists,Control freakPsychologically Deviant,Need to outsmart others,Intolerance
Creative,Psychiatric conditions,Anti-establishment,Experimentation
Sharp,Coward,Social dissatisfaction,Manipulate others
Sharp,Insensitive,Anti-establishment,Plain boredom
Well-organized,Conviction in Violence,Marginalised,Revenge
Bully,Control freakPsychologically Deviant,Anti-social,Need to Control others
Bully,Coercive,Low self-worth,Religious fundamentalism
ResourcefulGoal oriented,Incited,Brain-washed,Political support
Creative,Unethical,Social dissatisfaction,Concealed existence
Oppurtinists,Loner,Anti-social,Emotions
Smart,Identity crisis,Need to outsmart others,Need to Control others
Skillful,Vengeful,Social dissatisfaction,Experimentation
Sharp,Insensitive,Anti-establishment,Disregard for law
Smart,Selfish,Anti-establishment,Greed 
Creative,Gullible,Anti-establishment,Religious fundamentalism
Sharp,Coercive,Social dissatisfaction,Enhancing selfworth
Oppurtinists,Inhuman Psyche,Inferiority complex,Manipulate others
Smart,Strong-willed,Social dissatisfaction,Curiosity
Skillful,Gullible,Brain-washed,No fear of punishment
Well trained,Aggressive,Unlawful,Manipulate others
Oppurtinists,Gullible,Anti-state,Intolerance
Well-trained,PassionateInsensitive,Lack Social skills,Lust
Skillful,Coercive,Reinforcement available,Thrill-seeking
Well-trained,Gullible,Reinforcement available,Emotions
ResourcefulGoal oriented,Coward,Need to outsmart others,Religious fundamentalism
Sharp,Strong-willed,Anti-establishment,Political support
Strategic planners,Chaotic state of mind,Brain-washed,No fear of punishment
Well-trained,PassionateInsensitive,Anti-establishment,Greed 
Smart,Vengeful,Anti-social,Political beliefs
Sharp,Secretive,Intolerance to diversity of opinion,Experimentation
Well trained,Gullible,Unlawful,Disregard for law
Well trained,Emotional,Rationalization,Revenge
Strategic planners,Unethical,Anti-establishment,Political beliefs
Well trained,Control freakPsychologically Deviant,Inferiority complex,Monetary Gain
Creative,Risk-taker,Lack Social skills,Concealed existence
Oppurtinists,Strong-willed,Brain-washed,Thrill-seeking
Well-trained,Vengeful,Mass-destructionMisguided,Enhancing selfworth
Smart,Selfish,Rebellious,Curiosity
Sharp,Identity crisis,Intolerance to diversity of opinion,Intolerance
Smart,Coercive,Low self-worth,Enhancing selfworth
Strategic planners,Psychiatric conditions,Reinforcement available,Need to Control others
Strategic planners,Incited,Need to outsmart others,Political beliefs
Strategic planners,Emotional,Rebellious,Emotions
Smart,Coercive,Unlawful,Revenge
Well-trained,Conviction in Violence,Anti-state,Need to Control others
Bully,Psychiatric conditions,Need to outsmart others,Concealed existence
Sharp,Determined,Anti-establishment,Thrill-seeking
Well-trained,Impatient,Anti-state,Monetary Gain
Creative,Determined,Anti-establishment,Lust
Strategic planners,Coercive,Inferiority complex,Need to Control others
Smart,Vengeful,Need to outsmart others,Enhancing selfworth
Creative,Coercive,Social dissatisfaction,Manipulate others
Smart,Risk-taker,Inferiority complex,Revenge
Well-organized,Inhuman Psyche,Anti-state,No fear of punishment
Skillful,PassionateInsensitive,Low self-worth,Monetary Gain
Strategic planners,Insensitive,Social dissatisfaction,Emotions
Smart,Chaotic state of mind,Intolerance to diversity of opinion,Greed 
Smart,Chaotic state of mind,Need to outsmart others,Manipulate others
Smart,Impatient,Unlawful,Emotions
Bully,Determined,Anti-establishment,Curiosity
Well trained,Inhuman Psyche,Lack Social skills,Need to Control others
Well trained,Impatient,Lack Social skills,Political support
Well-organized,Coercive,Rationalization,Political beliefs
Smart,Selfish,Reinforcement available,Risk tolerance
Oppurtinists,Insensitive,Marginalised,Experimentation
Well-trained,Control freakPsychologically Deviant,Anti-establishment,Manipulate others
Well-networked,Emotional,Low self-worth,No fear of punishment
Well-organized,Emotional,Need to outsmart others,Anger
Bully,Vengeful,Mass-destructionMisguided,Monetary Gain
Well trained,Selfish,Anti-social,Curiosity
Well trained,Vengeful,Need to outsmart others,Religious fundamentalism
